Agency,Event Number,Address,Beat,Call Source Text,Priority,Create Time Incident,Dispatch Time Primary,Arrival Time Primary,Incident Type ID,Incident Type Description,Disposition 1 Text,
OP,LOP190110000946,4000 ALAMEDA AV,23X,DEFAULT - PHONE INIT,2,1/10/19 18:29,,,SIDESH,SIDESHOW,CALL MANAGEMENT STRATEGY,
OP,LOP190119001081,SB 42ND OFFRP AV&NB I880,23X,FIELD INITIATED BY D,2,1/19/19 22:55,1/19/19 22:55,1/19/19 22:55,SDESHO,SIDESHOW,ADMINISTRATIVE,
OP,LOP190120000060,SIDESHOW,,DEFAULT - PHONE INIT,1,1/20/19 1:12,1/20/19 1:13,1/20/19 1:15,SIDESH,SIDESHOW,CALL HANDLED,
OP,LOP190120000145,98TH AV&NB I880,31Y,DEFAULT - PHONE INIT,1,1/20/19 3:18,1/20/19 3:18,1/20/19 3:25,SIDESH,SIDESHOW,ADMINISTRATIVE,
OP,LOP190121000450,7701 KRAUSE AV,30X,911 CALL,2,1/21/19 13:20,1/21/19 13:25,1/21/19 13:36,SIDESH,SIDESHOW,REPORT TAKEN-ASSIGNMENT REPORT,
OP,LOP190121000652,LAKESHORE AV&MACARTHUR BLVD,14X,911 CALL,2,1/21/19 16:42,1/21/19 16:43,1/21/19 16:50,SIDESH,SIDESHOW,UNABLE TO LOCATE,
OP,LOP190125000936,3000 LOGAN ST,21Y,911 CALL,2,1/25/19 18:59,1/25/19 19:38,,SDESHO,SIDESHOW,GONE ON ARRIVAL,
OP,LOP190126000660,BURMA RD&MARITIME ST,05Y,DEFAULT - PHONE INIT,5,1/26/19 15:23,,,SIDESH,SIDESHOW,BROADCAST,
OP,LOP190127000538,1155 MARITIME ST,05Y,DEFAULT - PHONE INIT,2,1/27/19 13:50,1/27/19 13:55,1/27/19 14:04,SDESHO,SIDESHOW,COVER,
OP,LOP190127000693,GRAND AV&WELDON AV,14Y,DEFAULT - PHONE INIT,2,1/27/19 16:11,,,SIDESH,SIDESHOW,CALL MANAGEMENT STRATEGY,
OP,LOP190127000732,FRUITVALE AV&INTERNATIONAL BLVD,23X,911 CALL,5,1/27/19 16:56,,,SIDESH,SIDESHOW,BROADCAST,
OP,LOP190127000765,29TH ST&TELEGRAPH AV,08X,DEFAULT - PHONE INIT,2,1/27/19 17:25,1/27/19 17:30,1/27/19 17:35,SDESHO,SIDESHOW,GONE ON ARRIVAL,
OP,LOP190207000959,23RD AV&FOOTHILL BLVD,20X,911 CALL,2,2/7/19 17:44,2/7/19 19:08,2/7/19 19:17,SIDESH,SIDESHOW,COVER,
OP,LOP190210000568,AVENUE N&5TH,,911 CALL,2,2/10/19 14:36,,,SDESHO,SIDESHOW,REFERRED TO OTHER AGENCY,
OP,LOP190223000790,23RD AV&FOOTHILL BLVD,20X,DEFAULT - PHONE INIT,2,2/23/19 19:05,,,SIDESH,SIDESHOW,CALL HANDLED,
OP,LOP190223000799,E 15TH ST&23RD AV,20X,DEFAULT - PHONE INIT,2,2/23/19 19:14,,,SIDESH,SIDESHOW,CALL HANDLED,
OP,LOP190223000809,E 15TH ST&23RD AV,19X,FIELD INITIATED BY D,2,2/23/19 19:28,2/23/19 19:28,2/23/19 19:28,SDESHO,SIDESHOW,COVER,
OP,LOP190223000860,E 15TH ST&22ND AV,19X,FIELD INITIATED BY D,2,2/23/19 20:28,2/23/19 20:28,2/23/19 20:28,SDESHO,SIDESHOW,CONTINUING INVESTIGATION,
OP,LOP190223001029,90TH AV&SUNNYSIDE ST,34X,911 CALL,2,2/23/19 23:25,2/23/19 23:43,,SIDESH,SIDESHOW,UNABLE TO LOCATE,
OP,LOP190224000165,MARITIME ST&MIDDLE HARBOR RD,02Y,DEFAULT - PHONE INIT,2,2/24/19 3:40,2/24/19 3:43,2/24/19 3:45,SIDESH,SIDESHOW,ABATED,
OP,LOP190303000566,MACARTHUR BLVD&SEMINARY AV,29X,911 CALL,2,3/3/19 14:50,,,SIDESH,SIDESHOW,GONE ON ARRIVAL,
OP,LOP190303000673,W GRAND AV&MARITIME ST,05Y,DEFAULT - PHONE INIT,2,3/3/19 17:14,3/3/19 17:16,3/3/19 17:22,SDESHO,SIDESHOW,COVER,
OP,LOP190303000877,9865 SUNNYSIDE ST,32Y,DEFAULT - PHONE INIT,2,3/3/19 21:25,3/3/19 21:38,3/3/19 22:06,SDESHO,SIDESHOW,GONE ON ARRIVAL,
OP,LOP190305000013,1686 MARITIME ST,05Y,911 CALL,1,3/5/19 0:23,3/5/19 0:26,3/5/19 0:30,SIDESH,SIDESHOW,COVER,
OP,LOP190305000047,740 MARITIME ST,05Y,DEFAULT - PHONE INIT,2,3/5/19 1:24,3/5/19 1:24,3/5/19 1:30,SIDESH,SIDESHOW,COVER,
OP,LOP190308001122,14370 SKYLINE BLVD,25Y,DEFAULT - PHONE INIT,5,3/8/19 20:14,,,SIDESH,SIDESHOW,BROADCAST,
OP,LOP190314000684,24TH AV&FOOTHILL BLVD,20X,DEFAULT - PHONE INIT,2,3/14/19 14:13,,,SIDESH,SIDESHOW,CALL MANAGEMENT STRATEGY,
OP,LOP190316000088,1400 WEBSTER ST,04X,FIELD INITIATED BY D,2,3/16/19 2:32,3/16/19 2:32,3/16/19 2:32,SDESHO,SIDESHOW,ADMINISTRATIVE,
OP,LOP190316000640,103RD AV&BANCROFT AV,32Y,911 CALL,5,3/16/19 15:28,,,SDESHO,SIDESHOW,BROADCAST,
OP,LOP190317000762,W GRAND AV&MARITIME ST,05Y,DEFAULT - PHONE INIT,2,3/17/19 17:02,3/17/19 17:19,3/17/19 17:24,SDESHO,SIDESHOW,COVER,
OP,LOP190324000687,95TH AV&A ST,33X,DEFAULT - PHONE INIT,2,3/24/19 16:41,3/24/19 17:46,3/24/19 17:52,SDESHO,SIDESHOW,UNFOUNDED/NO MERIT,
OP,LOP190324000730,NB I880&NB MARKET OFFRP ST,03Y,DEFAULT - PHONE INIT,2,3/24/19 17:26,3/24/19 17:28,,SDESHO,SIDESHOW,GONE ON ARRIVAL,
OP,LOP190324000751,W GRAND AV&SB I880 CONN,05Y,911 CALL,5,3/24/19 17:54,3/24/19 17:56,,SDESHO,SIDESHOW,COVER,
OP,LOP190324000780,7TH ST&MARITIME ST,02Y,DEFAULT - PHONE INIT,2,3/24/19 18:14,3/24/19 18:16,,SDESHO,SIDESHOW,UNABLE TO LOCATE,
OP,LOP190324001033,1155 MARITIME ST,05Y,DEFAULT - PHONE INIT,2,3/24/19 23:01,3/24/19 23:03,3/24/19 23:09,SDESHO,SIDESHOW,FIELD CONTACT REPORT,
OP,LOP190326001000,24TH AV&FOOTHILL BLVD,20X,DEFAULT - PHONE INIT,2,3/26/19 18:42,3/26/19 21:01,,SDESHO,SIDESHOW,GONE ON ARRIVAL,
OP,LOP190330000553,2238 62ND AV,27Y,DEFAULT - PHONE INIT,2,3/30/19 14:44,,,SDESHO,SIDESHOW,BROADCAST,
OP,LOP190330000623,10151 FOOTHILL BLVD,32Y,DEFAULT - PHONE INIT,2,3/30/19 15:54,,,SDESHO,SIDESHOW,UNFOUNDED/NO MERIT,
OP,LOP190330000780,10100 MACARTHUR BLVD,32Y,DEFAULT - PHONE INIT,2,3/30/19 19:09,3/30/19 19:20,3/30/19 19:29,SDESHO,SIDESHOW,COVER,
OP,LOP190331000506,FOOTHILL BLVD&FRUITVALE AV,23X,911 CALL,2,3/31/19 13:59,3/31/19 14:25,3/31/19 14:54,SDESHO,SIDESHOW,COVER,
OP,LOP190331000556,HIGH ST&MACARTHUR BLVD,25X,DEFAULT - PHONE INIT,2,3/31/19 14:37,3/31/19 14:52,3/31/19 14:59,SDESHO,SIDESHOW,ADMINISTRATIVE,
OP,LOP190331000606,80TH AV&INTERNATIONAL BLVD,26Y,911 CALL,2,3/31/19 15:16,3/31/19 15:29,3/31/19 15:53,SDESHO,SIDESHOW,COVER,
OP,LOP190331000726,SIDESHOW,,DEFAULT - PHONE INIT,2,3/31/19 17:12,3/31/19 17:13,,SIDESH,SIDESHOW,ADMINISTRATIVE,
OP,LOP190331001003,D ST&ELMHURST AV,33X,911 CALL,2,3/31/19 21:54,,,SIDESH,SIDESHOW,CALL MANAGEMENT STRATEGY,
OP,LOP190406001018,5837 FREMONT ST,10X,911 CALL,2,4/6/19 22:32,4/6/19 23:08,,SIDESH,SIDESHOW,ABATED,
OP,LOP190407000678,4108 INTERNATIONAL BLVD,23X,911 CALL,2,4/7/19 15:44,,,SIDESH,SIDESHOW,CALL MANAGEMENT STRATEGY,
OP,LOP190407000680,42ND AV&INTERNATIONAL BLVD,23X,DEFAULT - PHONE INIT,1,4/7/19 15:45,4/7/19 15:49,4/7/19 15:56,SDESHO,SIDESHOW,COVER,
OP,LOP190407000761,7101 EDGEWATER DR,31X,DEFAULT - PHONE INIT,5,4/7/19 17:08,4/7/19 17:59,,SIDESH,SIDESHOW,CALL HANDLED,
OP,LOP190407000876,106TH AV&MACARTHUR BLVD,32Y,DEFAULT - PHONE INIT,1,4/7/19 19:10,4/7/19 19:11,4/7/19 19:18,SIDESH,SIDESHOW,COVER,
OP,LOP190407000923,WB I580&KELLER AV,25Y,DEFAULT - PHONE INIT,2,4/7/19 20:01,,,SIDESH,SIDESHOW,REFERRED TO OTHER AGENCY,
OP,LOP190407000925,EB I580&EB MOUNTAIN ONRP BL,29X,911 CALL,2,4/7/19 20:02,,,SIDESH,SIDESHOW,REFERRED TO OTHER AGENCY,
OP,LOP190407000926,74 SEQUOYAH VIEW DR,35Y,911 CALL,2,4/7/19 20:03,,,SIDESH,SIDESHOW,REFERRED TO OTHER AGENCY,
OP,LOP190407000939,2500 MIDDLE HARBOR RD,02Y,DEFAULT - PHONE INIT,1,4/7/19 20:19,4/7/19 20:20,4/7/19 20:41,SIDESH,SIDESHOW,COVER,
OP,LOP190407000953,1717 MIDDLE HARBOR RD,02Y,911 CALL,2,4/7/19 20:33,,,SDESHO,SIDESHOW,CALL HANDLED,
OP,LOP190407000956,98TH AV&EDES AV,31Y,FIELD INITIATED BY D,2,4/7/19 20:36,4/7/19 20:36,4/7/19 20:36,SDESHO,SIDESHOW,CONTINUING INVESTIGATION,
OP,LOP190407000957,SB 42ND CONN AV&SB I880,23X,FIELD INITIATED BY D,2,4/7/19 20:36,4/7/19 20:36,4/7/19 20:36,SDESHO,SIDESHOW,COVER,
OP,LOP190407000958,55TH AV&FOOTHILL BLVD,27X,FIELD INITIATED BY D,2,4/7/19 20:36,4/7/19 20:36,4/7/19 20:36,SDESHO,SIDESHOW,CALL HANDLED,
OP,LOP190407000960,42ND AV&INTERNATIONAL BLVD,23X,FIELD INITIATED BY D,2,4/7/19 20:37,4/7/19 20:37,4/7/19 20:37,SDESHO,SIDESHOW,CALL HANDLED,
OP,LOP190407000963,COLISEUM WY&NB HIGH ONRP ST,26X,FIELD INITIATED BY D,2,4/7/19 20:39,4/7/19 20:39,4/7/19 20:39,SDESHO,SIDESHOW,CONTINUING INVESTIGATION,
OP,LOP190408001073,84TH AV&BIRCH ST,34X,DEFAULT - PHONE INIT,2,4/8/19 21:27,4/8/19 21:36,4/8/19 21:42,SIDESH,SIDESHOW,CONTINUING INVESTIGATION,
OP,LOP190408001137,84TH AV&BIRCH ST,34X,FIELD INITIATED BY D,2,4/8/19 23:01,4/8/19 23:01,4/8/19 23:01,SDESHO,SIDESHOW,COVER,
OP,LOP190412001227,10151 FOOTHILL BLVD,32Y,911 CALL,2,4/12/19 21:13,4/12/19 21:55,4/12/19 22:07,SDESHO,SIDESHOW,CONTINUING INVESTIGATION,
OP,LOP190412001295,10151 FOOTHILL BLVD,32Y,911 CALL,2,4/12/19 22:22,4/12/19 22:30,4/12/19 22:32,SDESHO,SIDESHOW,COVER,
OP,LOP190413000626,10151 FOOTHILL BLVD,32Y,911 CALL,2,4/13/19 14:37,,,SDESHO,SIDESHOW,CALL MANAGEMENT STRATEGY,
OP,LOP190414000251,1155 MARITIME ST,05Y,DEFAULT - PHONE INIT,2,4/14/19 8:19,4/14/19 8:24,4/14/19 8:26,SDESHO,SIDESHOW,REPORT TAKEN-ASSIGNMENT REPORT,
OP,LOP190414000347,455 7TH ST,03Y,DEFAULT - PHONE INIT,5,4/14/19 10:36,4/14/19 10:37,4/14/19 13:13,SIDESH,SIDESHOW,ADMINISTRATIVE,
OP,LOP190414000471,HEGENBERGER RD&INTERNATIONAL BLVD,26Y,DEFAULT - PHONE INIT,2,4/14/19 13:16,4/14/19 13:17,,SDESHO,SIDESHOW,COVER,
OP,LOP190414000548,HANOVER AV&LAKESHORE AV,15X,911 CALL,2,4/14/19 14:11,,,SIDESH,SIDESHOW,BROADCAST,
OP,LOP190414000693,10151 FOOTHILL BLVD,32Y,DEFAULT - PHONE INIT,2,4/14/19 15:27,,,SIDESH,SIDESHOW,BROADCAST,
OP,LOP190414000718,10100 MACARTHUR BLVD,32Y,FIELD INITIATED BY D,2,4/14/19 15:40,4/14/19 15:40,4/14/19 15:40,SDESHO,SIDESHOW,CALL HANDLED,
OP,LOP190414000780,FOOTHILL BLVD&MACARTHUR BLVD,32Y,911 CALL,2,4/14/19 16:28,,,SIDESH,SIDESHOW,CALL HANDLED,
OP,LOP190414000788,10205 MACARTHUR BLVD,32Y,911 CALL,2,4/14/19 16:34,,,SIDESH,SIDESHOW,CALL HANDLED,
OP,LOP190414000822,SB 42ND CONN AV&SB HIGH OFFRP ST,23X,911 CALL,1,4/14/19 17:09,4/14/19 17:47,,SDESHO,SIDESHOW,CALL HANDLED,
OP,LOP190414000823,SB 42ND CONN AV&SB I880,23X,911 CALL,5,4/14/19 17:09,,,SIDESH,SIDESHOW,CALL HANDLED,
OP,LOP190414000840,NB 42ND ONRP AV&HIGH ST,26X,911 CALL,2,4/14/19 17:25,,,SDESHO,SIDESHOW,CALL HANDLED,
OP,LOP190414000841,SB 42ND CONN AV&SB I880,23X,911 CALL,2,4/14/19 17:26,,,SDESHO,SIDESHOW,CALL HANDLED,
OP,LOP190414000887,90TH AV&BANCROFT AV,34X,DEFAULT - PHONE INIT,2,4/14/19 18:14,4/14/19 18:18,,SIDESH,SIDESHOW,CONTINUING INVESTIGATION,
OP,LOP190414000902,98TH AV&BANCROFT AV,32Y,911 CALL,5,4/14/19 18:27,,,SIDESH,SIDESHOW,CALL HANDLED,
OP,LOP190414000975,88TH AV&BANCROFT AV,34X,911 CALL,2,4/14/19 19:20,,,SDESHO,SIDESHOW,CALL HANDLED,
OP,LOP190414001015,1450 HIGH ST,27X,911 CALL,5,4/14/19 20:09,,,SDESHO,SIDESHOW,BROADCAST,
OP,LOP190414001024,42ND AV&INTERNATIONAL BLVD,23X,FIELD INITIATED BY D,2,4/14/19 20:17,4/14/19 20:17,4/14/19 20:17,SDESHO,SIDESHOW,ADMINISTRATIVE,
OP,LOP190414001033,103RD AV&BANCROFT AV,32Y,911 CALL,5,4/14/19 20:39,,,SIDESH,SIDESHOW,BROADCAST,
OP,LOP190417001003,16TH AV&FOOTHILL BLVD,19X,DEFAULT - PHONE INIT,5,4/17/19 18:53,,,SIDESH,SIDESHOW,CALL MANAGEMENT STRATEGY,
OP,LOP190418001146,35TH AV&INTERNATIONAL BLVD,23X,DEFAULT - PHONE INIT,2,4/18/19 20:52,,,SIDESH,SIDESHOW,BROADCAST,
OP,LOP190419001370,2651 73RD AV,30Y,FIELD INITIATED BY D,2,4/19/19 22:58,4/19/19 22:58,4/19/19 22:58,SIDESH,SIDESHOW,ADMINISTRATIVE,
OP,LOP190420000508,2651 73RD AV,30Y,DEFAULT - PHONE INIT,2,4/20/19 13:16,4/20/19 20:01,,SDESHO,SIDESHOW,ADMINISTRATIVE,
OP,LOP190420000790,24TH AV&FOOTHILL BLVD,21X,DEFAULT - PHONE INIT,2,4/20/19 18:16,4/20/19 18:25,,SDESHO,SIDESHOW,BROADCAST,
OP,LOP190420000969,2243 62ND AV,27Y,DEFAULT - PHONE INIT,1,4/20/19 21:42,4/20/19 22:05,,SDESHO,SIDESHOW,CALL HANDLED,
OP,LOP190426000934,23RD AV&FOOTHILL BLVD,20X,911 CALL,5,4/26/19 19:34,4/26/19 19:53,4/26/19 20:03,SIDESH,SIDESHOW,GONE ON ARRIVAL,
OP,LOP190426000953,22ND AV&E 28TH ST,18Y,DEFAULT - PHONE INIT,2,4/26/19 19:46,,,SDESHO,SIDESHOW,BROADCAST,
OP,LOP190428000455,151 HEGENBERGER RD,31X,FIELD INITIATED BY D,2,4/28/19 12:27,4/28/19 12:27,4/28/19 12:27,SDESHO,SIDESHOW,CONTINUING INVESTIGATION,
OP,LOP190428000460,E 12TH ST&FRUITVALE AV,23X,FIELD INITIATED BY D,2,4/28/19 12:34,4/28/19 12:34,4/28/19 12:34,SDESHO,SIDESHOW,CONTINUING INVESTIGATION,
OP,LOP190428000656,FRUITVALE AV&INTERNATIONAL BLVD,23X,DEFAULT - PHONE INIT,2,4/28/19 16:23,4/28/19 16:23,,SDESHO,SIDESHOW,ABATED,
OP,LOP190428000788,106TH AV&MACARTHUR BLVD,32Y,FIELD INITIATED BY D,6,4/28/19 18:34,4/28/19 18:34,4/28/19 18:34,SDESHO,SIDESHOW,ABATED,
OP,LOP190428000789,90TH AV&BANCROFT AV,34X,FIELD INITIATED BY D,6,4/28/19 18:34,4/28/19 18:34,4/28/19 18:34,SDESHO,SIDESHOW,ABATED,
OP,LOP190428000790,98TH AV&EDES AV,31Y,FIELD INITIATED BY D,6,4/28/19 18:34,4/28/19 18:34,4/28/19 18:34,SDESHO,SIDESHOW,COVER,
OP,LOP190428000791,42ND AV&INTERNATIONAL BLVD,23X,FIELD INITIATED BY D,5,4/28/19 18:34,4/28/19 18:34,4/28/19 18:34,SDESHO,SIDESHOW,CONTINUING INVESTIGATION,
OP,LOP190428000792,SB 42ND CONN AV&SB I880,23X,FIELD INITIATED BY D,6,4/28/19 18:35,4/28/19 18:35,4/28/19 18:35,SDESHO,SIDESHOW,COVER,
OP,LOP190430000773,APGAR ST&WEST ST,06X,911 CALL,5,4/30/19 15:51,,,SDESHO,SIDESHOW,BROADCAST,
OP,LOP190504000087,20TH ST&TELEGRAPH AV,04X,DEFAULT - PHONE INIT,2,5/4/19 2:04,5/4/19 2:05,5/4/19 2:05,SDESHO,SIDESHOW,GONE ON ARRIVAL,
OP,LOP190504000756,SIDESHOW,,FIELD INITIATED BY D,2,5/4/19 18:08,5/4/19 18:08,5/4/19 18:08,SDESHO,SIDESHOW,ADMINISTRATIVE,
OP,LOP190505000374,7101 EDGEWATER DR,31X,FIELD INITIATED BY D,2,5/5/19 12:34,5/5/19 12:34,5/5/19 12:34,SDESHO,SIDESHOW,CALL HANDLED,
OP,LOP190505000577,DELAWARE ST&LAUREL AV,22Y,DEFAULT - PHONE INIT,5,5/5/19 15:41,,,SIDESH,SIDESHOW,CALL HANDLED,
OP,LOP190505000579,38TH AV&FOOTHILL BLVD,24X,DEFAULT - PHONE INIT,5,5/5/19 15:42,5/5/19 15:43,5/5/19 16:07,SDESHO,SIDESHOW,CALL HANDLED,
OP,LOP190505000582,98TH AV&EDES AV,31Y,FIELD INITIATED BY D,2,5/5/19 15:44,5/5/19 15:44,5/5/19 15:44,SDESHO,SIDESHOW,COVER,
OP,LOP190507001050,4260 MAYBELLE AV,25X,DEFAULT - PHONE INIT,1,5/7/19 20:11,5/7/19 20:58,5/7/19 21:06,SDESHO,SIDESHOW,REPORT TAKEN-ASSIGNMENT REPORT,
OP,LOP190512000721,SEMINARY AV&SUNNYMERE AV,28X,911 CALL,2,5/12/19 17:47,,,SDESHO,SIDESHOW,BROADCAST,
OP,LOP190515001036,KELLER AV&SKYLINE BLVD,35Y,911 CALL,2,5/15/19 20:32,5/15/19 20:46,5/15/19 20:58,SDESHO,SIDESHOW,COVER,
OP,LOP190518000783,2020 WAKE AV,05Y,DEFAULT - PHONE INIT,2,5/18/19 17:47,5/18/19 19:18,,SIDESH,SIDESHOW,COVER,
OP,LOP190522001268,19TH AV&E 22ND ST,18Y,911 CALL,2,5/22/19 22:21,5/22/19 22:56,,SIDESH,SIDESHOW,REPORT TAKEN-ASSIGNMENT REPORT,
OP,LOP190524001159,10151 FOOTHILL BLVD,32Y,DEFAULT - PHONE INIT,2,5/24/19 21:30,5/25/19 1:11,,SIDESH,SIDESHOW,GONE ON ARRIVAL,
OP,LOP190525000745,7101 EDGEWATER DR,31X,FIELD INITIATED BY D,2,5/25/19 17:42,5/25/19 17:42,5/25/19 17:42,SDESHO,SIDESHOW,ADMINISTRATIVE,
OP,LOP190525000893,102ND AV&PLYMOUTH ST,32X,DEFAULT - PHONE INIT,5,5/25/19 19:53,5/25/19 19:55,5/25/19 19:59,SIDESH,SIDESHOW,COVER,
OP,LOP190526000477,2651 73RD AV,30Y,FIELD INITIATED BY D,2,5/26/19 12:51,5/26/19 12:51,5/26/19 12:51,SIDESH,SIDESHOW,ADMINISTRATIVE,
OP,LOP190527000609,W GRAND AV&MARITIME ST,05Y,DEFAULT - PHONE INIT,2,5/27/19 16:06,,,SIDESH,SIDESHOW,CALL MANAGEMENT STRATEGY,
OP,LOP190601000756,SIDESHOW,,FIELD INITIATED BY D,2,6/1/19 15:36,6/1/19 15:36,6/1/19 15:36,SIDESH,SIDESHOW,ADMINISTRATIVE,
OP,LOP190602000621,3610 35TH AV,25X,911 CALL,1,6/2/19 15:15,6/2/19 15:45,,SDESHO,SIDESHOW,GONE ON ARRIVAL,
OP,LOP190602000643,48TH AV&FOOTHILL BLVD,27X,FIELD INITIATED BY D,1,6/2/19 15:38,6/2/19 15:38,6/2/19 15:38,SDESHO,SIDESHOW,COVER,
OP,LOP190602000743,FRUITVALE AV&SAN LEANDRO ST,23X,911 CALL,1,6/2/19 16:57,6/2/19 16:59,6/2/19 17:16,SDESHO,SIDESHOW,CALL HANDLED,
OP,LOP190602000745,FRUITVALE AV&SAN LEANDRO ST,23X,DEFAULT - PHONE INIT,2,6/2/19 17:05,6/2/19 17:05,6/2/19 17:05,SDESHO,SIDESHOW,ADMINISTRATIVE,
OP,LOP190602000778,98TH AV&MACARTHUR BLVD,32Y,911 CALL,2,6/2/19 17:35,6/2/19 17:36,6/2/19 18:09,SDESHO,SIDESHOW,COVER,
OP,LOP190602000831,4108 INTERNATIONAL BLVD,23X,911 CALL,1,6/2/19 18:23,6/2/19 18:25,6/2/19 18:51,SIDESH,SIDESHOW,COVER,
OP,LOP190602000886,7TH ST&FRONTAGE RD,02Y,DEFAULT - PHONE INIT,1,6/2/19 19:14,6/2/19 19:17,,SDESHO,SIDESHOW,ADMINISTRATIVE,
OP,LOP190602001004,FOOTHILL BLVD&HIGH ST,23X,FIELD INITIATED BY D,2,6/2/19 21:04,6/2/19 21:04,6/2/19 21:04,SDESHO,SIDESHOW,ADMINISTRATIVE,
OP,LOP190608000047,7101 EDGEWATER DR,31X,DEFAULT - PHONE INIT,2,6/8/19 0:48,,,SDESHO,SIDESHOW,CALL HANDLED,
OP,LOP190608000827,1599 MARITIME ST,05Y,DEFAULT - PHONE INIT,2,6/8/19 18:26,6/8/19 19:04,,SDESHO,SIDESHOW,ABATED,
OP,LOP190608000837,HIGH ST&WB I580,28X,DEFAULT - PHONE INIT,2,6/8/19 18:37,6/8/19 18:38,,SDESHO,SIDESHOW,GONE ON ARRIVAL,
OP,LOP190609000594,TAC 3,,FIELD INITIATED BY D,5,6/9/19 13:51,6/9/19 13:51,6/9/19 13:51,SDESHO,SIDESHOW,ABATED,
OP,LOP190614000001,SB 42ND CONN AV&SB I880,23X,DEFAULT - PHONE INIT,2,6/14/19 0:00,6/14/19 0:00,6/14/19 0:02,SDESHO,SIDESHOW,REPORT TAKEN-ASSIGNMENT REPORT,
OP,LOP190614000802,2651 73RD AV,30Y,DEFAULT - PHONE INIT,2,6/14/19 16:13,6/17/19 14:20,,SIDESH,SIDESHOW,ABATED,
OP,LOP190614001231,106TH AV&MACARTHUR BLVD,32Y,911 CALL,5,6/14/19 22:29,6/14/19 22:30,6/14/19 22:35,SIDESH,SIDESHOW,ADMINISTRATIVE,
OP,LOP190614001253,42ND AV&INTERNATIONAL BLVD,23X,FIELD INITIATED BY D,2,6/14/19 22:48,6/14/19 22:48,6/14/19 22:48,SDESHO,SIDESHOW,ADMINISTRATIVE,
OP,LOP190614001254,98TH AV&EDES AV,31Y,FIELD INITIATED BY D,2,6/14/19 22:48,6/14/19 22:48,6/14/19 22:48,SDESHO,SIDESHOW,COVER,
OP,LOP190614001255,35TH AV&MACARTHUR BLVD,22Y,FIELD INITIATED BY D,2,6/14/19 22:49,6/14/19 22:49,6/14/19 22:49,SDESHO,SIDESHOW,ADMINISTRATIVE,
OP,LOP190614001301,106TH AV&E ST,32X,DEFAULT - PHONE INIT,2,6/14/19 23:28,6/14/19 23:37,6/15/19 0:07,SIDESH,SIDESHOW,COVER,
OP,LOP190615000045,CARRINGTON ST&HIGH ST,24X,911 CALL,5,6/15/19 0:50,,,SIDESH,SIDESHOW,BROADCAST,
OP,LOP190615000046,4201 INTERNATIONAL BLVD,23X,911 CALL,2,6/15/19 0:50,6/15/19 1:01,6/15/19 1:05,SDESHO,SIDESHOW,COVER,
OP,LOP190615000143,E 15TH ST&20TH AV,19X,911 CALL,5,6/15/19 3:40,6/15/19 3:42,6/15/19 3:43,SIDESH,SIDESHOW,COVER,
OP,LOP190615000667,SIDESHOW DETAIL,,DEFAULT - PHONE INIT,5,6/15/19 15:40,6/15/19 15:42,6/15/19 15:42,SDESHO,SIDESHOW,ADMINISTRATIVE,
OP,LOP190615000894,90TH AV&BANCROFT AV,34X,FIELD INITIATED BY D,2,6/15/19 19:20,6/15/19 19:20,6/15/19 19:20,SDESHO,SIDESHOW,CONTINUING INVESTIGATION,
OP,LOP190616000152,210 BURMA RD,05Y,DEFAULT - PHONE INIT,5,6/16/19 3:37,,,SDESHO,SIDESHOW,CALL MANAGEMENT STRATEGY,
OP,LOP190616000522,6900 BANCROFT AV,30Y,DEFAULT - PHONE INIT,2,6/16/19 13:58,6/16/19 13:58,,SIDESH,SIDESHOW,ADMINISTRATIVE,
OP,LOP190616000589,42ND AV&INTERNATIONAL BLVD,23X,FIELD INITIATED BY D,2,6/16/19 15:13,6/16/19 15:13,6/16/19 15:13,SDESHO,SIDESHOW,ADMINISTRATIVE,
OP,LOP190616000615,9755 EDES AV,31Y,911 CALL,1,6/16/19 15:36,6/16/19 15:39,6/16/19 15:52,SIDESH,SIDESHOW,ADMINISTRATIVE,
OP,LOP190616000653,98TH AV&EDES AV,31Y,DEFAULT - PHONE INIT,5,6/16/19 16:03,,,SDESHO,SIDESHOW,BROADCAST,
OP,LOP190616000734,106TH AV&MACARTHUR BLVD,32Y,911 CALL,5,6/16/19 17:27,6/16/19 21:38,,SIDESH,SIDESHOW,ADMINISTRATIVE,
OP,LOP190618001152,1155 MARITIME ST,05Y,DEFAULT - PHONE INIT,2,6/18/19 21:38,6/18/19 21:49,6/18/19 22:10,SIDESH,SIDESHOW,COVER,
OP,LOP190622000041,64TH AV&BANCROFT AV,27Y,911 CALL,2,6/22/19 0:51,6/22/19 0:52,6/22/19 0:53,SIDESH,SIDESHOW,CALL HANDLED,
OP,LOP190622000445,7101 EDGEWATER DR,31X,FIELD INITIATED BY D,2,6/22/19 11:30,6/22/19 11:30,6/22/19 11:30,SDESHO,SIDESHOW,VEHICLE TOWED,
OP,LOP190623000998,GRIZZLY PEAK BLVD&MARLBOROUGH TER,13Y,911 CALL,5,6/23/19 21:14,,,SIDESH,SIDESHOW,BROADCAST,
OP,LOP190627000124,455 7TH ST,03Y,DEFAULT - PHONE INIT,2,6/27/19 4:47,6/30/19 10:13,,SIDESH,SIDESHOW,CALL HANDLED,
OP,LOP190629000746,7101 EDGEWATER DR,31X,FIELD INITIATED BY D,2,6/29/19 17:08,6/29/19 17:08,6/29/19 17:08,SDESHO,SIDESHOW,ABATED,
OP,LOP190629001103,340 DARIEN AV,31Y,DEFAULT - PHONE INIT,2,6/29/19 22:36,6/29/19 22:43,6/29/19 22:50,SIDESH,SIDESHOW,COVER,
OP,LOP190629001140,6750 CHARING CROSS RD,13Y,DEFAULT - PHONE INIT,2,6/29/19 23:07,6/29/19 23:41,6/29/19 23:46,SDESHO,SIDESHOW,COVER,
OP,LOP190630000654,12TH ST&LINDEN ST,02X,911 CALL,2,6/30/19 14:57,6/30/19 15:03,6/30/19 15:10,SIDESH,SIDESHOW,ABATED,
OP,LOP190704001510,NB HIGH OFFRP ST&NB I880,26X,DEFAULT - PHONE INIT,2,7/4/19 23:38,7/4/19 23:56,7/5/19 0:04,SDESHO,SIDESHOW,REPORT TAKEN,
OP,LOP190705000059,106TH AV&MACARTHUR BLVD,32Y,911 CALL,2,7/5/19 0:59,7/5/19 1:01,7/5/19 1:10,SIDESH,SIDESHOW,ADMINISTRATIVE,
OP,LOP190705000084,NB HIGH OFFRP ST&NB I880,26X,DEFAULT - PHONE INIT,2,7/5/19 1:23,7/5/19 1:24,,SDESHO,SIDESHOW,ADMINISTRATIVE,
OP,LOP190705001216,18TH ST&JEFFERSON ST,04X,911 CALL,5,7/5/19 20:46,,,SIDESH,SIDESHOW,BROADCAST,
OP,LOP190706000686,455 7TH ST,03Y,DEFAULT - PHONE INIT,2,7/6/19 15:46,7/6/19 15:59,,SIDESH,SIDESHOW,ADMINISTRATIVE,
OP,LOP190706001177,3047 MARTIN LUTHER KING JR WY,06X,911 CALL,2,7/6/19 23:50,7/6/19 23:55,7/6/19 23:58,SIDESH,SIDESHOW,COVER,
OP,LOP190707000390,SIDESHOW,,DEFAULT - PHONE INIT,5,7/7/19 12:00,7/7/19 13:28,7/7/19 13:28,SIDESH,SIDESHOW,REPORT TAKEN,
OP,LOP190707000679,105TH AV&PEARMAIN ST,31Z,DEFAULT - PHONE INIT,2,7/7/19 17:11,7/7/19 17:15,7/7/19 17:34,SDESHO,SIDESHOW,GONE ON ARRIVAL,
OP,LOP190707000784,105TH AV&PIPPIN ST,31Z,DEFAULT - PHONE INIT,2,7/7/19 19:09,7/7/19 20:26,7/7/19 20:29,SIDESH,SIDESHOW,COVER,
OP,LOP190707000868,800 105TH AV,31Z,DEFAULT - PHONE INIT,2,7/7/19 20:32,,,SDESHO,SIDESHOW,CALL MANAGEMENT STRATEGY,
OP,LOP190713000687,SIDESHOW DETAIL,,DEFAULT - PHONE INIT,5,7/13/19 16:02,7/13/19 16:14,7/13/19 16:14,SDESHO,SIDESHOW,CONTINUING INVESTIGATION,
OP,LOP190713001115,89TH AV&MACARTHUR BLVD,35X,DEFAULT - PHONE INIT,5,7/13/19 22:14,,,SIDESH,SIDESHOW,BROADCAST,
OP,LOP190713001163,53RD ST&MARTIN LUTHER KING JR WY,10Y,DEFAULT - PHONE INIT,2,7/13/19 22:52,7/13/19 22:59,7/13/19 23:01,SDESHO,SIDESHOW,GONE ON ARRIVAL,
OP,LOP190714000392,73RD AV&BANCROFT AV,30X,DEFAULT - PHONE INIT,5,7/14/19 10:10,7/14/19 13:28,7/14/19 13:28,SDESHO,SIDESHOW,COVER,
OP,LOP190714000828,9755 EDES AV,31Y,911 CALL,2,7/14/19 17:38,7/14/19 17:45,7/14/19 17:51,SDESHO,SIDESHOW,COVER,
OP,LOP190714000832,DENNISON ST&KING ST,19X,911 CALL,2,7/14/19 17:41,7/14/19 18:15,,SIDESH,SIDESHOW,GONE ON ARRIVAL,
OP,LOP190720000005,1509 MARITIME ST,05Y,DEFAULT - PHONE INIT,2,7/20/19 0:02,7/20/19 0:05,7/20/19 0:08,SDESHO,SIDESHOW,COVER,
OP,LOP190720000611,2651 73RD AV,30Y,FIELD INITIATED BY D,2,7/20/19 14:38,7/20/19 14:38,7/20/19 14:38,SDESHO,SIDESHOW,ABATED,
OP,LOP190720001116,KELLER AV&SKYLINE BLVD,35Y,911 CALL,2,7/20/19 22:37,,,SDESHO,SIDESHOW,CALL MANAGEMENT STRATEGY,
OP,LOP190720001134,35TH AV&SUTER ST,24Y,911 CALL,2,7/20/19 22:53,7/20/19 22:55,7/20/19 23:06,SDESHO,SIDESHOW,CONTINUING INVESTIGATION,
OP,LOP190721000593,38TH AV&FOOTHILL BLVD,24X,DEFAULT - PHONE INIT,2,7/21/19 14:11,7/21/19 14:26,7/21/19 14:57,SDESHO,SIDESHOW,CALL HANDLED,
OP,LOP190721000664,50TH AV&SAN LEANDRO ST,26X,DEFAULT - PHONE INIT,2,7/21/19 15:27,7/21/19 15:38,7/21/19 15:44,SDESHO,SIDESHOW,COVER,
OP,LOP190721000687,2651 73RD AV,30Y,FIELD INITIATED BY D,5,7/21/19 15:55,7/21/19 15:55,7/21/19 15:55,SIDESH,SIDESHOW,REPORT TAKEN,
OP,LOP190721000776,98TH AV&GOULD ST,33X,911 CALL,5,7/21/19 17:33,7/21/19 19:09,,SIDESH,SIDESHOW,GONE ON ARRIVAL,
OP,LOP190721000782,98TH AV&E ST,32X,FIELD INITIATED BY D,2,7/21/19 17:39,7/21/19 17:39,7/21/19 17:39,SDESHO,SIDESHOW,COVER,
OP,LOP190721000816,10600 MACARTHUR BLVD,32Y,DEFAULT - PHONE INIT,2,7/21/19 18:08,7/21/19 18:14,7/21/19 18:26,SIDESH,SIDESHOW,ABATED,
OP,LOP190721000817,105TH AV&SAN LEANDRO ST,31Z,911 CALL,5,7/21/19 18:10,,,SIDESH,SIDESHOW,GONE ON ARRIVAL,
OP,LOP190721000839,BROADMOOR VIEW&MALCOLM AV,35Y,DEFAULT - PHONE INIT,5,7/21/19 18:35,7/21/19 19:11,7/21/19 19:12,SDESHO,SIDESHOW,GONE ON ARRIVAL,
OP,LOP190721000889,38TH AV&FOOTHILL BLVD,24X,FIELD INITIATED BY D,2,7/21/19 19:15,7/21/19 19:15,7/21/19 19:15,SDESHO,SIDESHOW,GONE ON ARRIVAL,
OP,LOP190721000922,98TH AV&GOLF LINKS RD,35X,911 CALL,2,7/21/19 19:52,,,SDESHO,SIDESHOW,BROADCAST,
OP,LOP190721000927,EL EMBARCADERO&LAKESHORE AV,14X,911 CALL,2,7/21/19 19:54,7/21/19 20:07,,SDESHO,SIDESHOW,ADMINISTRATIVE,
OP,LOP190722001305,1400 MARITIME ST,05Y,DEFAULT - PHONE INIT,2,7/22/19 23:04,7/22/19 23:05,7/22/19 23:11,SIDESH,SIDESHOW,COVER,
OP,LOP190724001190,MARITIME ST&MIDDLE HARBOR RD,02Y,911 CALL,2,7/24/19 22:22,7/24/19 23:05,7/24/19 23:12,SDESHO,SIDESHOW,COVER,
OP,LOP190726001198,10151 FOOTHILL BLVD,32Y,911 CALL,1,7/26/19 22:47,7/26/19 22:56,,SIDESH,SIDESHOW,GONE ON ARRIVAL,
OP,LOP190727000462,2651 73RD AV,30Y,FIELD INITIATED BY D,5,7/27/19 11:53,7/27/19 11:53,7/27/19 11:53,SDESHO,SIDESHOW,REPORT TAKEN,
OP,LOP190728000014,1155 MARITIME ST,05Y,DEFAULT - PHONE INIT,2,7/28/19 0:12,7/28/19 0:15,7/28/19 0:18,SIDESH,SIDESHOW,ADMINISTRATIVE,
OP,LOP190728000550,7101 EDGEWATER DR,31X,FIELD INITIATED BY D,5,7/28/19 14:05,7/28/19 14:05,7/28/19 14:05,SDESHO,SIDESHOW,CALL HANDLED,
OP,LOP190728000710,98TH AV&SB I880,31Y,DEFAULT - PHONE INIT,2,7/28/19 16:42,,,SIDESH,SIDESHOW,CONTINUING INVESTIGATION,
OP,LOP190728000814,82ND AV&INTERNATIONAL BLVD,30X,FIELD INITIATED BY D,2,7/28/19 18:20,7/28/19 18:20,7/28/19 18:20,SDESHO,SIDESHOW,CONTINUING INVESTIGATION,
OP,LOP190730000986,87TH AV&A ST,33X,911 CALL,2,7/30/19 19:29,7/30/19 19:37,7/30/19 19:43,SIDESH,SIDESHOW,GONE ON ARRIVAL,
OP,LOP190803000013,14TH AV/MARITIME ST,,DEFAULT - PHONE INIT,2,8/3/19 0:08,8/3/19 0:34,8/3/19 0:39,SIDESH,SIDESHOW,ABATED,
OP,LOP190803000101,FAIRFAX AV&FOOTHILL BLVD,27X,911 CALL,5,8/3/19 1:58,,,SIDESH,SIDESHOW,CALL MANAGEMENT STRATEGY,
OP,LOP190803000104,2205 48TH AV,27X,DEFAULT - PHONE INIT,2,8/3/19 2:02,,,SDESHO,SIDESHOW,CALL MANAGEMENT STRATEGY,
OP,LOP190803000610,7101 EDGEWATER DR,31X,DEFAULT - PHONE INIT,2,8/3/19 14:31,8/3/19 14:31,,SDESHO,SIDESHOW,ADMINISTRATIVE,
OP,LOP190803001133,10151 FOOTHILL BLVD,32Y,DEFAULT - PHONE INIT,2,8/3/19 22:27,,,SIDESH,SIDESHOW,BROADCAST,
OP,LOP190804000653,2651 73RD AV,30Y,FIELD INITIATED BY D,5,8/4/19 15:39,8/4/19 15:39,8/4/19 15:39,SDESHO,SIDESHOW,ABATED,
OP,LOP190804001063,1879 MIDDLE HARBOR RD,02Y,911 CALL,2,8/4/19 22:05,8/4/19 22:08,8/4/19 22:16,SDESHO,SIDESHOW,CONTINUING INVESTIGATION,
OP,LOP190804001156,1400 MARITIME ST,05Y,DEFAULT - PHONE INIT,2,8/4/19 23:29,8/4/19 23:31,,SIDESH,SIDESHOW,ABATED,
OP,LOP190806001216,750 MARITIME ST,05Y,DEFAULT - PHONE INIT,2,8/6/19 23:04,8/6/19 23:04,8/6/19 23:07,SIDESH,SIDESHOW,ABATED,
OP,LOP190810000075,E 27TH ST&FRUITVALE AV,21Y,911 CALL,2,8/10/19 1:15,8/10/19 1:31,,SIDESH,SIDESHOW,GONE ON ARRIVAL,
OP,LOP190810001033,7101 EDGEWATER DR,31X,DEFAULT - PHONE INIT,2,8/10/19 20:28,8/10/19 20:32,,SIDESH,SIDESHOW,CALL HANDLED,
OP,LOP190811000041,35TH AV&QUIGLEY LN,22Y,911 CALL,1,8/11/19 0:31,8/11/19 0:36,8/11/19 0:46,SDESHO,SIDESHOW,COVER,
OP,LOP190811000075,90TH AV&MACARTHUR BLVD,35X,FIELD INITIATED BY D,2,8/11/19 0:55,8/11/19 0:55,8/11/19 0:55,SDESHO,SIDESHOW,CONTINUING INVESTIGATION,
OP,LOP190811000081,96TH AV&BANCROFT AV,35X,FIELD INITIATED BY D,2,8/11/19 1:04,8/11/19 1:04,8/11/19 1:04,SDESHO,SIDESHOW,CONTINUING INVESTIGATION,
OP,LOP190811000083,35TH AV&QUIGLEY LN,22Y,DEFAULT - PHONE INIT,1,8/11/19 1:05,8/11/19 1:09,8/11/19 1:09,SIDESH,SIDESHOW,COVER,
OP,LOP190811000088,55TH AV&FOOTHILL BLVD,27X,FIELD INITIATED BY D,2,8/11/19 1:08,8/11/19 1:08,8/11/19 1:08,SDESHO,SIDESHOW,CONTINUING INVESTIGATION,
OP,LOP190811000115,106TH AV&MACARTHUR BLVD,32Y,FIELD INITIATED BY D,2,8/11/19 1:34,8/11/19 1:34,8/11/19 1:34,SDESHO,SIDESHOW,COVER,
OP,LOP190811000130,DIST 4 SIDESHOW,,FIELD INITIATED BY D,2,8/11/19 2:00,8/11/19 2:00,8/11/19 2:00,SDESHO,SIDESHOW,CONTINUING INVESTIGATION,
OP,LOP190811000174,KELLER AV&SKYLINE BLVD,35Y,DEFAULT - PHONE INIT,5,8/11/19 3:15,,,SIDESH,SIDESHOW,BROADCAST,
OP,LOP190811000636,2651 73RD AV,30Y,DEFAULT - PHONE INIT,5,8/11/19 14:08,8/11/19 14:52,8/11/19 15:11,SIDESH,SIDESHOW,COVER,
OP,LOP190811001094,1944 90TH AV,34X,DEFAULT - PHONE INIT,2,8/11/19 21:10,8/11/19 21:25,8/11/19 21:28,SIDESH,SIDESHOW,COVER,
OP,LOP190811001240,1400 MARITIME ST,05Y,DEFAULT - PHONE INIT,5,8/11/19 23:47,8/11/19 23:47,8/11/19 23:49,SIDESH,SIDESHOW,GONE ON ARRIVAL,
OP,LOP190814001410,7TH ST&MARITIME ST,02Y,DEFAULT - PHONE INIT,2,8/14/19 22:04,8/14/19 23:02,8/14/19 23:11,SDESHO,SIDESHOW,GONE ON ARRIVAL,
OP,LOP190815001189,1312 64TH AV,26Y,911 CALL,2,8/15/19 21:29,,,SDESHO,SIDESHOW,BROADCAST,
OP,LOP190816001323,E 27TH ST&FRUITVALE AV,21Y,DEFAULT - PHONE INIT,2,8/16/19 23:10,8/17/19 0:54,,SDESHO,SIDESHOW,GONE ON ARRIVAL,
OP,LOP190816001368,2800 7TH ST,02Y,DEFAULT - PHONE INIT,5,8/16/19 23:52,8/16/19 23:54,8/16/19 23:58,SDESHO,SIDESHOW,COVER,
OP,LOP190817000693,SIDESHOW,,DEFAULT - PHONE INIT,5,8/17/19 14:10,8/17/19 14:54,8/17/19 14:54,SDESHO,SIDESHOW,ADMINISTRATIVE,
OP,LOP190817000919,SIDESHOW,,FIELD INITIATED BY D,2,8/17/19 17:22,8/17/19 17:22,8/17/19 17:22,SDESHO,SIDESHOW,ADMINISTRATIVE,
OP,LOP190818000125,3RD ST&BROADWAY,01X,911 CALL,2,8/18/19 2:20,8/18/19 2:33,8/18/19 2:42,SIDESH,SIDESHOW,GONE ON ARRIVAL,
OP,LOP190818001007,90TH AV&MACARTHUR BLVD,35X,FIELD INITIATED BY D,2,8/18/19 21:12,8/18/19 21:12,8/18/19 21:12,SDESHO,SIDESHOW,COVER,
OP,LOP190818001038,2505 MIDDLE HARBOR RD,02Y,DEFAULT - PHONE INIT,2,8/18/19 21:44,8/18/19 22:07,8/18/19 22:14,SDESHO,SIDESHOW,GONE ON ARRIVAL,
OP,LOP190823001192,63RD AV&AVENAL AV,27Y,DEFAULT - PHONE INIT,5,8/23/19 21:56,,,SIDESH,SIDESHOW,CALL MANAGEMENT STRATEGY,
OP,LOP190823001223,1200 LAKESHORE AV,19X,DEFAULT - PHONE INIT,2,8/23/19 22:23,8/24/19 2:32,,SIDESH,SIDESHOW,COVER,
OP,LOP190824000728,7101 EDGEWATER DR,31X,DEFAULT - PHONE INIT,2,8/24/19 15:48,8/24/19 15:48,8/24/19 19:22,SIDESH,SIDESHOW,PERSON TRANSPORT,
OP,LOP190824000814,7TH ST&MARITIME ST,02Y,DEFAULT - PHONE INIT,2,8/24/19 17:14,,,SDESHO,SIDESHOW,BROADCAST,
OP,LOP190825000165,105TH AV&PEARMAIN ST,31Z,911 CALL,5,8/25/19 3:13,8/25/19 3:43,8/25/19 3:48,SDESHO,SIDESHOW,COVER,
OP,LOP190825000445,SIDESHOW,,DEFAULT - PHONE INIT,2,8/25/19 11:16,8/25/19 12:28,8/25/19 17:16,SDESHO,SIDESHOW,CONTINUING INVESTIGATION,
OP,LOP190825000884,HAMILTON ST&HEGENBERGER RD,26Y,DEFAULT - PHONE INIT,2,8/25/19 18:17,,,SDESHO,SIDESHOW,CALL MANAGEMENT STRATEGY,
OP,LOP190825000939,500 HEGENBERGER RD,31Y,911 CALL,2,8/25/19 19:11,8/25/19 19:26,8/25/19 19:26,SDESHO,SIDESHOW,GONE ON ARRIVAL,
OP,LOP190828001235,1400 MARITIME ST,05Y,DEFAULT - PHONE INIT,2,8/28/19 22:31,8/28/19 22:31,8/28/19 22:34,SIDESH,SIDESHOW,CALL HANDLED,
OP,LOP190831000288,7101 EDGEWATER DR,31X,DEFAULT - PHONE INIT,2,8/31/19 9:13,8/31/19 17:01,8/31/19 19:01,SDESHO,SIDESHOW,VEHICLE TOWED,
OP,LOP190831000709,86TH AV&A ST,33X,FIELD INITIATED BY D,2,8/31/19 16:40,8/31/19 16:40,8/31/19 16:40,SDESHO,SIDESHOW,ABATED,
OP,LOP190831001107,15TH ST&HARRISON ST,04X,DEFAULT - PHONE INIT,2,8/31/19 22:31,8/31/19 22:33,8/31/19 22:51,SDESHO,SIDESHOW,COVER,
OP,LOP190831001169,WB DIMOND ONRP AV&WB FRUITVALE ONRP AV,16Y,DEFAULT - PHONE INIT,2,8/31/19 23:23,,,SDESHO,SIDESHOW,GONE ON ARRIVAL,
OP,LOP190901000028,35TH AV&MACARTHUR BLVD,22Y,911 CALL,2,9/1/19 0:22,9/1/19 0:26,9/1/19 1:25,SIDESH,SIDESHOW,COVER,
OP,LOP190901000056,54TH AV&INTERNATIONAL BLVD,27Y,DEFAULT - PHONE INIT,5,9/1/19 0:49,,,SDESHO,SIDESHOW,BROADCAST,
OP,LOP190901000134,1599 MARITIME ST,05Y,DEFAULT - PHONE INIT,2,9/1/19 2:19,9/1/19 2:20,9/1/19 2:30,SIDESH,SIDESHOW,COVER,
OP,LOP190901000135,85TH AV&SAN LEANDRO ST,33X,FIELD INITIATED BY D,2,9/1/19 2:19,9/1/19 2:19,9/1/19 2:19,SDESHO,SIDESHOW,CONTINUING INVESTIGATION,
OP,LOP190901000434,19TH AV&FOOTHILL BLVD,19X,911 CALL,5,9/1/19 11:15,,,SIDESH,SIDESHOW,CALL MANAGEMENT STRATEGY,
OP,LOP190901000596,455 7TH ST,03Y,DEFAULT - PHONE INIT,5,9/1/19 13:53,9/1/19 16:50,9/1/19 16:50,SDESHO,SIDESHOW,ABATED,
OP,LOP190901000702,SIDESHOW DETAIL,,FIELD INITIATED BY D,5,9/1/19 15:25,9/1/19 15:25,9/1/19 15:25,SDESHO,SIDESHOW,ADMINISTRATIVE,
OP,LOP190901000876,SB 42ND CONN AV&SB I880,23X,FIELD INITIATED BY D,5,9/1/19 18:08,9/1/19 18:08,9/1/19 18:08,SDESHO,SIDESHOW,CONTINUING INVESTIGATION,
OP,LOP190901000887,90TH AV&MACARTHUR BLVD,35X,FIELD INITIATED BY D,5,9/1/19 18:15,9/1/19 18:15,9/1/19 18:15,SDESHO,SIDESHOW,CONTINUING INVESTIGATION,
OP,LOP190901001015,64TH AV&AVENAL AV,27Y,911 CALL,5,9/1/19 20:26,9/1/19 20:31,9/1/19 20:31,SIDESH,SIDESHOW,GONE ON ARRIVAL,
OP,LOP190901001028,88TH AV&INTERNATIONAL BLVD,34X,FIELD INITIATED BY D,2,9/1/19 20:35,9/1/19 20:35,9/1/19 20:35,SDESHO,SIDESHOW,COVER,
OP,LOP190901001053,90TH AV&MACARTHUR BLVD,35X,FIELD INITIATED BY D,5,9/1/19 20:59,9/1/19 20:59,9/1/19 20:59,SDESHO,SIDESHOW,CONTINUING INVESTIGATION,
OP,LOP190902000871,333 MARITIME ST,02Y,DEFAULT - PHONE INIT,2,9/2/19 18:48,9/2/19 18:49,9/2/19 18:59,SIDESH,SIDESHOW,CONTINUING INVESTIGATION,
OP,LOP190907000674,455 7TH ST,03Y,FIELD INITIATED BY D,2,9/7/19 15:52,9/7/19 15:52,9/7/19 15:52,SDESHO,SIDESHOW,CALL HANDLED,
OP,LOP190907000922,W GRAND AV&MARITIME ST,05Y,DEFAULT - PHONE INIT,2,9/7/19 20:33,9/7/19 20:52,9/7/19 21:10,SDESHO,SIDESHOW,ABATED,
OP,LOP190907000974,1850 ALICE ST,04X,DEFAULT - PHONE INIT,2,9/7/19 21:16,,,SDESHO,SIDESHOW,BROADCAST,
OP,LOP190908000581,4351 BROADWAY,12X,911 CALL,2,9/8/19 14:59,9/8/19 15:15,9/8/19 15:20,SDESHO,SIDESHOW,COVER,
OP,LOP190908000724,BRANN ST&SEMINARY AV,29X,911 CALL,2,9/8/19 17:20,9/8/19 17:40,9/8/19 17:48,SIDESH,SIDESHOW,COVER,
OP,LOP190908000768,NB 42ND ONRP AV&HIGH ST,26X,FIELD INITIATED BY D,2,9/8/19 18:02,9/8/19 18:02,9/8/19 18:02,SDESHO,SIDESHOW,ADMINISTRATIVE,
OP,LOP190908001018,1400 MARITIME ST,05Y,DEFAULT - PHONE INIT,2,9/8/19 22:26,9/8/19 22:55,9/8/19 23:03,SIDESH,SIDESHOW,GONE ON ARRIVAL,
OP,LOP190910001311,1155 MARITIME ST,05Y,DEFAULT - PHONE INIT,5,9/10/19 22:21,9/10/19 22:22,9/10/19 22:26,SIDESH,SIDESHOW,CONTINUING INVESTIGATION,
OP,LOP190913001126,10TH ST&MANDELA PKWY,02X,DEFAULT - PHONE INIT,2,9/13/19 19:50,,,SIDESH,SIDESHOW,CALL MANAGEMENT STRATEGY,
OP,LOP190914001124,88TH AV&PLYMOUTH ST,34X,DEFAULT - PHONE INIT,2,9/14/19 22:23,9/14/19 22:57,,SDESHO,SIDESHOW,GONE ON ARRIVAL,
OP,LOP190915000852,98TH AV&EMPIRE RD,31Y,911 CALL,1,9/15/19 18:36,9/15/19 18:42,9/15/19 18:59,SIDESH,SIDESHOW,ON-VIEW ARREST,
OP,LOP190915000854,98TH AV&EMPIRE RD,31Y,911 CALL,5,9/15/19 18:38,,,SIDESH,SIDESHOW,BROADCAST,
OP,LOP190915000873,98TH AV&EMPIRE RD,31Y,DEFAULT - PHONE INIT,1,9/15/19 19:00,9/15/19 19:00,9/15/19 19:33,SIDESH,SIDESHOW,TEC REQUEST HANDLED,
OP,LOP190915000908,W GRAND AV&SB I880 CONN,05Y,911 CALL,2,9/15/19 19:36,9/15/19 19:39,9/15/19 19:49,SIDESH,SIDESHOW,COVER,
OP,LOP190915000917,7TH ST&MARKET ST,02X,911 CALL,2,9/15/19 19:44,,,SDESHO,SIDESHOW,CALL HANDLED,
OP,LOP190915000919,32ND ST&ETTIE ST,07X,911 CALL,2,9/15/19 19:45,,,SIDESH,SIDESHOW,BROADCAST,
OP,LOP190915000931,W GRAND AV&SB I880 CONN,05Y,DEFAULT - PHONE INIT,1,9/15/19 19:55,9/15/19 19:55,,SIDESH,SIDESHOW,COVER,
OP,LOP190915000940,W GRAND AV&SB I880 CONN,05Y,DEFAULT - PHONE INIT,2,9/15/19 20:03,,,SIDESH,SIDESHOW,REFERRED TO OTHER AGENCY,
OP,LOP190915001043,35TH AV&MACARTHUR BLVD,22Y,FIELD INITIATED BY D,2,9/15/19 21:18,9/15/19 21:18,9/15/19 21:18,SDESHO,SIDESHOW,COVER,
OP,LOP190915001046,35TH AV&MACARTHUR BLVD,22Y,911 CALL,2,9/15/19 21:20,,,SIDESH,SIDESHOW,CALL HANDLED,
OP,LOP190915001047,35TH AV&EB I580,21Y,911 CALL,2,9/15/19 21:22,,,SIDESH,SIDESHOW,ADMINISTRATIVE,
OP,LOP190915001059,35TH AV&EB I580,21Y,DEFAULT - PHONE INIT,2,9/15/19 21:35,,,SIDESH,SIDESHOW,ADMINISTRATIVE,
OP,LOP190915001064,98TH AV&BANCROFT AV,32Y,FIELD INITIATED BY D,2,9/15/19 21:39,9/15/19 21:39,9/15/19 21:39,SDESHO,SIDESHOW,CONTINUING INVESTIGATION,
OP,LOP190915001075,KELLER AV&SKYLINE BLVD,35Y,DEFAULT - PHONE INIT,2,9/15/19 21:46,9/15/19 21:55,9/15/19 21:59,SIDESH,SIDESHOW,GONE ON ARRIVAL,
OP,LOP190918001284,10600 MACARTHUR BLVD,32Y,DEFAULT - PHONE INIT,2,9/18/19 23:45,9/19/19 2:26,9/19/19 2:29,SDESHO,SIDESHOW,GONE ON ARRIVAL,
OP,LOP190919000050,BURMA RD&MARITIME ST,05Y,DEFAULT - PHONE INIT,2,9/19/19 1:08,9/19/19 1:09,9/19/19 1:13,SIDESH,SIDESHOW,GONE ON ARRIVAL,
OP,LOP190919001245,78TH AV&RUDSDALE ST,26Y,911 CALL,5,9/19/19 22:08,9/19/19 22:54,9/19/19 23:00,SDESHO,SIDESHOW,GONE ON ARRIVAL,
OP,LOP190921000820,76TH AV&MACARTHUR BLVD,30Y,FIELD INITIATED BY D,2,9/21/19 17:37,9/21/19 17:37,9/21/19 17:37,SDESHO,SIDESHOW,UNABLE TO LOCATE,
OP,LOP190921000981,1717 MIDDLE HARBOR RD,02Y,DEFAULT - PHONE INIT,2,9/21/19 20:35,9/21/19 20:36,9/21/19 20:51,SDESHO,SIDESHOW,UNABLE TO LOCATE,
OP,LOP190921001006,10051 DOOLITTLE DR,31Y,911 CALL,5,9/21/19 21:07,9/21/19 21:14,9/21/19 21:25,SIDESH,SIDESHOW,COVER,
OP,LOP190921001008,601 MC CLARY AV,31Y,DEFAULT - PHONE INIT,2,9/21/19 21:07,9/21/19 21:15,9/21/19 21:17,SIDESH,SIDESHOW,COVER,
OP,LOP190922000134,DERBY AV&GLASCOCK ST,20X,DEFAULT - PHONE INIT,2,9/22/19 2:19,9/22/19 2:20,9/22/19 2:26,SDESHO,SIDESHOW,COVER,
OP,LOP190922000144,E 15TH ST&MILLER AV,20X,911 CALL,2,9/22/19 2:44,9/22/19 2:46,9/22/19 2:47,SDESHO,SIDESHOW,GONE ON ARRIVAL,
OP,LOP190922000535,SIDESHOW,,FIELD INITIATED BY D,5,9/22/19 13:43,9/22/19 13:43,9/22/19 13:43,SIDESH,SIDESHOW,COVER,
OP,LOP190922000643,98TH AV&OLIVE ST,34X,DEFAULT - PHONE INIT,5,9/22/19 15:22,,,SDESHO,SIDESHOW,CALL MANAGEMENT STRATEGY,
OP,LOP190922000766,100TH AV&MACARTHUR BLVD,32Y,FIELD INITIATED BY D,2,9/22/19 17:14,9/22/19 17:14,9/22/19 17:14,SDESHO,SIDESHOW,REPORT TAKEN,
OP,LOP190922000791,7TH ST&MARITIME ST,02Y,FIELD INITIATED BY D,2,9/22/19 17:39,9/22/19 17:39,9/22/19 17:39,SDESHO,SIDESHOW,FIELD CONTACT REPORT,
OP,LOP190922000802,3401 SALISBURY ST,24X,911 CALL,2,9/22/19 17:47,9/22/19 18:05,9/22/19 18:05,SDESHO,SIDESHOW,UNABLE TO LOCATE,
OP,LOP190922000833,90TH AV&D ST,33X,FIELD INITIATED BY D,2,9/22/19 18:12,9/22/19 18:12,9/22/19 18:12,SDESHO,SIDESHOW,COVER,
OP,LOP190923001118,2651 73RD AV,30Y,911 CALL,2,9/23/19 20:54,9/24/19 0:19,9/24/19 0:21,SDESHO,SIDESHOW,GONE ON ARRIVAL,
OP,LOP190927000874,90TH AV&INTERNATIONAL BLVD,34X,DEFAULT - PHONE INIT,2,9/27/19 19:21,,,SIDESH,SIDESHOW,CALL MANAGEMENT STRATEGY,
OP,LOP190928000726,57TH AV&WALNUT ST,29X,911 CALL,5,9/28/19 17:04,9/28/19 18:01,,SDESHO,SIDESHOW,REPORT TAKEN-ASSIGNMENT REPORT,
OP,LOP190928000977,105TH AV&ROYAL ANN ST,32X,DEFAULT - PHONE INIT,2,9/28/19 21:42,9/28/19 21:42,9/28/19 21:50,SDESHO,SIDESHOW,ADMINISTRATIVE,
OP,LOP190928001030,W GRAND AV&MARITIME ST,05Y,DEFAULT - PHONE INIT,2,9/28/19 22:20,9/28/19 23:27,9/28/19 23:29,SDESHO,SIDESHOW,GONE ON ARRIVAL,
OP,LOP190928001039,17TH ST&WOOD ST,05Y,DEFAULT - PHONE INIT,2,9/28/19 22:25,9/28/19 23:08,9/28/19 23:10,SIDESH,SIDESHOW,GONE ON ARRIVAL,
OP,LOP190928001087,105TH AV&ROYAL ANN ST,32X,911 CALL,2,9/28/19 22:56,,,SDESHO,SIDESHOW,CALL HANDLED,
OP,LOP190928001118,106TH AV&MACARTHUR BLVD,32Y,DEFAULT - PHONE INIT,2,9/28/19 23:20,9/28/19 23:55,,SIDESH,SIDESHOW,ADMINISTRATIVE,
OP,LOP190928001151,3700 ANGELO AV,24Y,FIELD INITIATED BY D,2,9/28/19 23:48,9/28/19 23:48,9/28/19 23:48,SDESHO,SIDESHOW,VEHICLE TOWED,
OP,LOP190930000896,1671 86TH AV,34X,911 CALL,5,9/30/19 16:46,,,SIDESH,SIDESHOW,BROADCAST,
OP,LOP191002001203,102ND AV&E ST,32X,DEFAULT - PHONE INIT,2,10/2/19 22:16,,,SDESHO,SIDESHOW,BROADCAST,
OP,LOP191005000482,900 HIGH ST,26X,FIELD INITIATED BY D,5,10/5/19 12:39,10/5/19 12:39,10/5/19 12:39,SIDESH,SIDESHOW,ABATED,
OP,LOP191005000918,KELLER AV&MOUNTAIN BLVD,25Y,FIELD INITIATED BY D,2,10/5/19 19:55,10/5/19 19:55,10/5/19 19:55,SDESHO,SIDESHOW,ABATED,
OP,LOP191006000137,14TH AV&EB I580,17Y,911 CALL,2,10/6/19 2:59,,,SIDESH,SIDESHOW,CALL MANAGEMENT STRATEGY,
OP,LOP191006000662,2651 73RD AV,30Y,FIELD INITIATED BY D,5,10/6/19 15:14,10/6/19 15:14,10/6/19 15:14,SIDESH,SIDESHOW,ADMINISTRATIVE,
OP,LOP191006000714,SPEC ASSGNMNT,,FIELD INITIATED BY D,2,10/6/19 16:07,10/6/19 16:07,10/6/19 16:07,SDESHO,SIDESHOW,ADMINISTRATIVE,
OP,LOP191008001233,96TH AV&SUNNYSIDE ST,34X,911 CALL,2,10/8/19 22:05,10/8/19 22:06,10/8/19 22:11,SIDESH,SIDESHOW,GONE ON ARRIVAL,
OP,LOP191009000014,NB HIGH OFFRP ST&NB I880,26X,DEFAULT - PHONE INIT,1,10/9/19 0:25,10/9/19 0:27,10/9/19 0:31,SIDESH,SIDESHOW,CONTINUING INVESTIGATION,
OP,LOP191009000043,1717 MIDDLE HARBOR RD,02Y,DEFAULT - PHONE INIT,1,10/9/19 1:14,10/9/19 1:33,10/9/19 1:41,SDESHO,SIDESHOW,GONE ON ARRIVAL,
OP,LOP191009000622,INTERNATIONAL BLVD&SEMINARY AV,26Y,911 CALL,2,10/9/19 14:06,10/9/19 14:15,,SIDESH,SIDESHOW,ADMINISTRATIVE,
OP,LOP191010000015,5TH AV&EMBARCADERO,19X,911 CALL,2,10/10/19 0:15,10/10/19 0:28,10/10/19 0:39,SIDESH,SIDESHOW,GONE ON ARRIVAL,
OP,LOP191011000953,1427 MARITIME ST,05Y,DEFAULT - PHONE INIT,2,10/11/19 19:04,,,SDESHO,SIDESHOW,BROADCAST,
OP,LOP191011001231,35TH AV&INTERNATIONAL BLVD,23X,DEFAULT - PHONE INIT,1,10/11/19 23:19,,,SIDESH,SIDESHOW,BROADCAST,
OP,LOP191012000061,17TH ST&BROADWAY,04X,DEFAULT - PHONE INIT,2,10/12/19 1:30,10/12/19 1:31,,SIDESH,SIDESHOW,COVER,
OP,LOP191012000579,7300 FOOTHILL BLVD,29X,DEFAULT - PHONE INIT,5,10/12/19 13:55,,,SIDESH,SIDESHOW,GONE ON ARRIVAL,
OP,LOP191012000596,22ND AV&INTERNATIONAL BLVD,19X,DEFAULT - PHONE INIT,2,10/12/19 14:17,,,SDESHO,SIDESHOW,UNABLE TO LOCATE,
OP,LOP191012000690,7TH ST&MARKET ST,02X,DEFAULT - PHONE INIT,2,10/12/19 15:41,10/12/19 15:45,10/12/19 16:14,SDESHO,SIDESHOW,COVER,
OP,LOP191012000739,38TH AV&MACARTHUR BLVD,25X,911 CALL,1,10/12/19 16:25,,,SDESHO,SIDESHOW,BROADCAST,
OP,LOP191012000741,50TH AV&FOOTHILL BLVD,27X,DEFAULT - PHONE INIT,2,10/12/19 16:27,,,SIDESH,SIDESHOW,BROADCAST,
OP,LOP191012000755,1400 98TH AV,32X,DEFAULT - PHONE INIT,1,10/12/19 16:39,,,SIDESH,SIDESHOW,BROADCAST,
OP,LOP191012000838,BURMA RD&MARITIME ST,05Y,DEFAULT - PHONE INIT,1,10/12/19 18:20,,,SDESHO,SIDESHOW,BROADCAST,
OP,LOP191012001026,98TH AV&BANCROFT AV,32Y,DEFAULT - PHONE INIT,2,10/12/19 21:34,10/12/19 21:36,,SDESHO,SIDESHOW,COVER,
OP,LOP191012001176,2505 MIDDLE HARBOR RD,02Y,DEFAULT - PHONE INIT,2,10/12/19 23:49,,,SIDESH,SIDESHOW,BROADCAST,
OP,LOP191012001182,34TH AV&INTERNATIONAL BLVD,23X,DEFAULT - PHONE INIT,2,10/12/19 23:54,10/13/19 0:00,10/13/19 0:07,SIDESH,SIDESHOW,COVER,
OP,LOP191013000010,78TH AV&LOCKWOOD ST,30X,911 CALL,5,10/13/19 0:08,10/13/19 0:09,10/13/19 0:59,SIDESH,SIDESHOW,CONTINUING INVESTIGATION,
OP,LOP191013000618,65TH AV&BANCROFT AV,27Y,911 CALL,2,10/13/19 14:46,,,SDESHO,SIDESHOW,BROADCAST,
OP,LOP191013000642,BANCROFT AV&HAVENSCOURT BLVD,30X,DEFAULT - PHONE INIT,2,10/13/19 15:10,10/13/19 15:11,10/13/19 15:24,SDESHO,SIDESHOW,COVER,
OP,LOP191013000677,24TH ST&WILLOW ST,07X,911 CALL,5,10/13/19 15:42,10/13/19 15:47,10/13/19 15:47,SDESHO,SIDESHOW,ABATED,
OP,LOP191013000833,106TH AV&MACARTHUR BLVD,32Y,911 CALL,1,10/13/19 18:02,10/13/19 18:08,10/13/19 18:13,SDESHO,SIDESHOW,ON-VIEW ARREST,
OP,LOP191013000871,98TH AV&EDES AV,31Y,DEFAULT - PHONE INIT,5,10/13/19 18:31,10/13/19 18:33,10/13/19 18:40,SDESHO,SIDESHOW,ABATED,
OP,LOP191013000902,1 EMBARCADERO WEST,01X,DEFAULT - PHONE INIT,2,10/13/19 18:58,10/13/19 19:06,,SIDESH,SIDESHOW,ABATED,
OP,LOP191013000962,FRONTAGE RD&W GRAND AV,05Y,DEFAULT - PHONE INIT,2,10/13/19 20:21,10/13/19 20:36,10/13/19 20:53,SDESHO,SIDESHOW,VEHICLE TOWED,
OP,LOP191013001015,42ND AV&INTERNATIONAL BLVD,23X,FIELD INITIATED BY D,2,10/13/19 21:02,10/13/19 21:02,10/13/19 21:02,SDESHO,SIDESHOW,COVER,
OP,LOP191013001055,47TH AV&BANCROFT AV,27X,911 CALL,1,10/13/19 21:30,,,SDESHO,SIDESHOW,CALL HANDLED,
OP,LOP191013001060,47TH AV&BANCROFT AV,27X,FIELD INITIATED BY D,2,10/13/19 21:35,10/13/19 21:35,10/13/19 21:35,SDESHO,SIDESHOW,COVER,
OP,LOP191018001078,KELLER AV&SKYLINE BLVD,35Y,911 CALL,2,10/18/19 19:41,10/18/19 19:55,10/18/19 20:05,SDESHO,SIDESHOW,COVER,
OP,LOP191018001259,COVINGTON ST&MARLOW DR,35Y,911 CALL,2,10/18/19 22:31,10/18/19 22:59,10/18/19 23:08,SIDESH,SIDESHOW,ABATED,
OP,LOP191019000739,7101 EDGEWATER DR,31X,DEFAULT - PHONE INIT,2,10/19/19 16:36,,,SIDESH,SIDESHOW,CALL HANDLED,
OP,LOP191019000884,14TH ST&CENTER ST,02Y,DEFAULT - PHONE INIT,5,10/19/19 19:21,,,SIDESH,SIDESHOW,BROADCAST,
OP,LOP191020000523,2651 73RD AV,30Y,FIELD INITIATED BY D,4,10/20/19 13:07,10/20/19 13:07,10/20/19 13:07,SIDESH,SIDESHOW,CONTINUING INVESTIGATION,
OP,LOP191020000551,SB 42ND OFFRP AV&NB I880,23X,FIELD INITIATED BY D,2,10/20/19 13:31,10/20/19 13:31,10/20/19 13:31,SIDESH,SIDESHOW,ADMINISTRATIVE,
OP,LOP191020000936,HIGH ST&SUTER ST,24Y,911 CALL,2,10/20/19 20:03,10/20/19 20:11,10/20/19 20:22,SIDESH,SIDESHOW,COVER,
OP,LOP191020000964,CULVER ST&HIGH ST,24Y,911 CALL,1,10/20/19 20:43,10/20/19 20:45,,SIDESH,SIDESHOW,CALL HANDLED,
OP,LOP191022001196,7114 ORRAL ST,30X,DEFAULT - PHONE INIT,2,10/22/19 22:04,10/22/19 22:14,10/22/19 22:19,SDESHO,SIDESHOW,BROADCAST,
OP,LOP191025001214,MARITIME ST&MIDDLE HARBOR RD,02Y,FIELD INITIATED BY D,2,10/25/19 23:21,10/25/19 23:21,10/25/19 23:21,SDESHO,SIDESHOW,REPORT TAKEN,
OP,LOP191025001233,106TH AV&MACARTHUR BLVD,32Y,FIELD INITIATED BY D,2,10/25/19 23:43,10/25/19 23:43,10/25/19 23:43,SDESHO,SIDESHOW,COVER,
OP,LOP191026000006,540 HEGENBERGER RD,31Y,FIELD INITIATED BY D,2,10/26/19 0:06,10/26/19 0:06,10/26/19 0:06,SDESHO,SIDESHOW,COVER,
OP,LOP191026000082,FOOTHILL BLVD&SEMINARY AV,29X,911 CALL,5,10/26/19 1:31,,,SIDESH,SIDESHOW,CALL MANAGEMENT STRATEGY,
OP,LOP191026000675,SIDESHOW DETAIL,,FIELD INITIATED BY D,5,10/26/19 16:19,10/26/19 16:19,10/26/19 16:19,SDESHO,SIDESHOW,CONTINUING INVESTIGATION,
OP,LOP191026000777,7101 EDGEWATER DR,31X,FIELD INITIATED BY D,2,10/26/19 18:00,10/26/19 18:00,10/26/19 18:00,SIDESH,SIDESHOW,CALL HANDLED,
OP,LOP191027000103,25TH AV&INTERNATIONAL BLVD,20X,FIELD INITIATED BY D,2,10/27/19 2:07,10/27/19 2:07,10/27/19 2:07,SIDESH,SIDESHOW,UNABLE TO LOCATE,
OP,LOP191027000959,925 27TH AV,20X,DEFAULT - PHONE INIT,2,10/27/19 18:06,10/27/19 20:20,10/27/19 20:26,SDESHO,SIDESHOW,GONE ON ARRIVAL,
OP,LOP191102000067,26TH AV&E 27TH ST,21X,DEFAULT - PHONE INIT,5,11/2/19 1:35,,,SDESHO,SIDESHOW,BROADCAST,
OP,LOP191102000069,FOOTHILL BLVD&FRUITVALE AV,23X,911 CALL,2,11/2/19 1:36,11/2/19 1:36,11/2/19 1:41,SIDESH,SIDESHOW,COVER,
OP,LOP191102000084,1717 MIDDLE HARBOR RD,02Y,DEFAULT - PHONE INIT,2,11/2/19 2:00,11/2/19 2:03,11/2/19 2:11,SIDESH,SIDESHOW,GONE ON ARRIVAL,
OP,LOP191102000886,105TH AV&JUNE CT,31Z,DEFAULT - PHONE INIT,2,11/2/19 19:21,11/2/19 19:50,11/2/19 19:53,SIDESH,SIDESHOW,GONE ON ARRIVAL,
OP,LOP191102000901,FOOTHILL BLVD&MACARTHUR BLVD,29X,DEFAULT - PHONE INIT,2,11/2/19 19:37,11/2/19 19:38,,SDESHO,SIDESHOW,BROADCAST,
OP,LOP191102001115,17TH ST&WILLOW ST,05Y,FIELD INITIATED BY D,2,11/2/19 23:04,11/2/19 23:04,11/2/19 23:04,SDESHO,SIDESHOW,COVER,
OP,LOP191102001116,7TH ST&MARITIME ST,02Y,FIELD INITIATED BY D,2,11/2/19 23:06,11/2/19 23:06,11/2/19 23:06,SDESHO,SIDESHOW,GONE ON ARRIVAL,
OP,LOP191103000841,98TH AV&E ST,32X,911 CALL,2,11/3/19 17:02,11/3/19 17:05,,SIDESH,SIDESHOW,UNABLE TO LOCATE,
OP,LOP191109000706,MARKET ST&MILTON ST,07X,DEFAULT - PHONE INIT,2,11/9/19 15:27,,,SDESHO,SIDESHOW,CALL MANAGEMENT STRATEGY,
OP,LOP191109000904,455 7TH ST,03Y,DEFAULT - PHONE INIT,5,11/9/19 18:59,11/9/19 20:20,11/9/19 20:31,SIDESH,SIDESHOW,CONTINUING INVESTIGATION,
OP,LOP191110000019,7000 COLISEUM WY,31X,DEFAULT - PHONE INIT,1,11/10/19 0:15,11/10/19 0:16,,SIDESH,SIDESHOW,CALL HANDLED,
OP,LOP191110000042,5000 FOOTHILL BLVD,27X,911 CALL,2,11/10/19 0:38,,,SDESHO,SIDESHOW,CALL HANDLED,
OP,LOP191110000052,5030 TRASK ST,27X,911 CALL,1,11/10/19 0:53,,,SIDESH,SIDESHOW,CALL HANDLED,
OP,LOP191110000072,W GRAND AV&MANDELA PKWY,05Y,911 CALL,1,11/10/19 1:12,,,SDESHO,SIDESHOW,CALL HANDLED,
OP,LOP191110000088,566 HEGENBERGER RD,31Y,911 CALL,5,11/10/19 1:50,11/10/19 2:07,,SDESHO,SIDESHOW,ADMINISTRATIVE,
OP,LOP191110000129,EDES AV&HEGENBERGER RD,31X,FIELD INITIATED BY D,2,11/10/19 2:54,11/10/19 2:54,11/10/19 2:54,SIDESH,SIDESHOW,COVER,
OP,LOP191110000505,SIDESHOW DETAIL,,DEFAULT - PHONE INIT,9,11/10/19 13:48,11/10/19 14:11,11/10/19 14:11,SIDESH,SIDESHOW,CONTINUING INVESTIGATION,
OP,LOP191110000728,FRONTAGE RD&W GRAND AV,07X,DEFAULT - PHONE INIT,2,11/10/19 17:54,11/10/19 17:55,,SIDESH,SIDESHOW,CALL HANDLED,
OP,LOP191110000784,ADELINE ST&MARKET ST,10X,911 CALL,2,11/10/19 18:50,11/10/19 18:52,11/10/19 19:07,SDESHO,SIDESHOW,CALL HANDLED,
OP,LOP191110000819,351 CHADBOURNE WY,22Y,911 CALL,2,11/10/19 19:23,11/10/19 19:23,11/10/19 19:28,SIDESH,SIDESHOW,REPORT TAKEN,
OP,LOP191110000826,PARKRIDGE DR&SKYLINE BLVD,25Y,911 CALL,5,11/10/19 19:31,11/10/19 19:57,,SIDESH,SIDESHOW,GONE ON ARRIVAL,
OP,LOP191110000985,96TH AV&SUNNYSIDE ST,34X,911 CALL,2,11/10/19 22:23,11/10/19 22:33,11/10/19 22:36,SDESHO,SIDESHOW,COVER,
OP,LOP191115000995,82ND AV&D ST,33X,911 CALL,2,11/15/19 16:40,11/15/19 16:44,,SDESHO,SIDESHOW,UNABLE TO LOCATE,
OP,LOP191116000172,2651 73RD AV,30Y,FIELD INITIATED BY D,2,11/16/19 5:38,11/16/19 5:38,11/16/19 5:38,SDESHO,SIDESHOW,ABATED,
OP,LOP191116000830,98TH AV&E ST,32X,DEFAULT - PHONE INIT,2,11/16/19 18:18,11/16/19 18:18,11/16/19 18:56,SDESHO,SIDESHOW,UNABLE TO LOCATE,
OP,LOP191116000924,106TH AV&MACARTHUR BLVD,32Y,DEFAULT - PHONE INIT,1,11/16/19 20:14,11/16/19 20:18,11/16/19 20:30,SIDESH,SIDESHOW,CONTINUING INVESTIGATION,
OP,LOP191116000991,98TH AV&EDES AV,31Y,911 CALL,2,11/16/19 21:08,,,SIDESH,SIDESHOW,GONE ON ARRIVAL,
OP,LOP191116001014,57TH ST&ADELINE ST,10Y,911 CALL,2,11/16/19 21:29,11/16/19 21:33,11/16/19 21:37,SDESHO,SIDESHOW,REPORT TAKEN,
OP,LOP191116001052,35TH AV&MACARTHUR BLVD,22Y,FIELD INITIATED BY D,2,11/16/19 21:53,11/16/19 21:53,11/16/19 21:53,SDESHO,SIDESHOW,CONTINUING INVESTIGATION,
OP,LOP191116001069,455 7TH ST,03Y,DEFAULT - PHONE INIT,2,11/16/19 22:06,11/16/19 22:11,11/16/19 23:24,SIDESH,SIDESHOW,CALL HANDLED,
OP,LOP191116001126,E 21ST ST&23RD AV,21X,911 CALL,2,11/16/19 22:58,,,SIDESH,SIDESHOW,CALL HANDLED,
OP,LOP191116001135,AVENAL AV&HAVENSCOURT BLVD,30X,FIELD INITIATED BY D,2,11/16/19 23:09,11/16/19 23:09,11/16/19 23:09,SDESHO,SIDESHOW,ADMINISTRATIVE,
OP,LOP191116001151,2651 73RD AV,30Y,FIELD INITIATED BY D,2,11/16/19 23:17,11/16/19 23:17,11/16/19 23:17,SIDESH,SIDESHOW,CALL HANDLED,
OP,LOP191116001153,SIDESHOW DETAIL,,DEFAULT - PHONE INIT,5,11/16/19 23:21,11/16/19 23:21,11/16/19 23:21,SDESHO,SIDESHOW,CALL HANDLED,
OP,LOP191116001178,106TH AV&MACARTHUR BLVD,32Y,FIELD INITIATED BY D,2,11/16/19 23:39,11/16/19 23:39,11/16/19 23:39,SDESHO,SIDESHOW,CONTINUING INVESTIGATION,
OP,LOP191117000485,455 7TH ST,03Y,FIELD INITIATED BY D,2,11/17/19 13:02,11/17/19 13:02,11/17/19 13:02,SDESHO,SIDESHOW,ADMINISTRATIVE,
OP,LOP191123000781,42ND AV&INTERNATIONAL BLVD,23X,MDT-INITIATED,5,11/23/19 17:51,11/23/19 17:51,11/23/19 17:51,SDESHO,SIDESHOW,VEHICLE TOWED,
OP,LOP191123000788,SIDESHOW,,DEFAULT - PHONE INIT,5,11/23/19 17:58,11/23/19 17:59,11/23/19 17:59,SDESHO,SIDESHOW,COVER,
OP,LOP191123000834,42ND AV&INTERNATIONAL BLVD,23X,DEFAULT - PHONE INIT,2,11/23/19 19:02,,,SIDESH,SIDESHOW,CALL HANDLED,
OP,LOP191123000843,42ND AV&INTERNATIONAL BLVD,23X,911 CALL,5,11/23/19 19:10,,,SIDESH,SIDESHOW,CALL HANDLED,
OP,LOP191123000879,FRONTAGE RD&W GRAND AV,05Y,DEFAULT - PHONE INIT,5,11/23/19 19:44,11/23/19 19:44,11/23/19 19:58,SIDESH,SIDESHOW,CALL HANDLED,
OP,LOP191123000884,32ND ST&MARKET ST,06X,DEFAULT - PHONE INIT,2,11/23/19 19:50,,,SIDESH,SIDESHOW,BROADCAST,
OP,LOP191123000904,106TH AV&MACARTHUR BLVD,32Y,911 CALL,5,11/23/19 20:18,11/23/19 20:18,11/23/19 20:31,SDESHO,SIDESHOW,USE OF FORCE,
OP,LOP191123000972,COLISEUM WY&INDEPENDENT RD,26X,DEFAULT - PHONE INIT,5,11/23/19 21:36,11/23/19 21:37,11/23/19 22:12,SIDESH,SIDESHOW,COVER,
OP,LOP191123001030,CROSBY AV&FOOTHILL BLVD,24X,DEFAULT - PHONE INIT,5,11/23/19 22:32,11/23/19 22:35,,SIDESH,SIDESHOW,GONE ON ARRIVAL,
OP,LOP191123001076,KELLER AV&SKYLINE BLVD,35Y,DEFAULT - PHONE INIT,2,11/23/19 23:09,11/23/19 23:10,11/23/19 23:22,SDESHO,SIDESHOW,GONE ON ARRIVAL,
OP,LOP191123001097,1757 MOUNTAIN BLVD,13Z,911 CALL,2,11/23/19 23:31,11/23/19 23:33,11/23/19 23:47,SIDESH,SIDESHOW,GONE ON ARRIVAL,
OP,LOP191124000532,2651 73RD AV,30Y,FIELD INITIATED BY D,2,11/24/19 13:56,11/24/19 13:56,11/24/19 13:56,SDESHO,SIDESHOW,CALL HANDLED,
OP,LOP191124000666,7TH ST&MARITIME ST,02Y,DEFAULT - PHONE INIT,2,11/24/19 16:16,11/24/19 16:33,11/24/19 16:38,SDESHO,SIDESHOW,VEHICLE TOWED,
OP,LOP191124000706,24TH AV&INTERNATIONAL BLVD,20X,DEFAULT - PHONE INIT,2,11/24/19 17:06,11/24/19 17:09,,SIDESH,SIDESHOW,GONE ON ARRIVAL,
OP,LOP191127000911,2500 MIDDLE HARBOR RD,02Y,DEFAULT - PHONE INIT,2,11/27/19 20:44,11/27/19 20:59,11/27/19 21:06,SIDESH,SIDESHOW,COVER,
OP,LOP191128000773,12TH ST&PERALTA ST,02Y,DEFAULT - PHONE INIT,2,11/28/19 21:41,11/28/19 22:15,,SDESHO,SIDESHOW,GONE ON ARRIVAL,
OP,LOP191129000688,W GRAND AV&MARITIME ST,05Y,DEFAULT - PHONE INIT,5,11/29/19 17:12,,,SIDESH,SIDESHOW,CALL MANAGEMENT STRATEGY,
OP,LOP191130000762,KELLER AV&SKYLINE BLVD,35Y,911 CALL,2,11/30/19 19:40,11/30/19 19:44,11/30/19 20:50,SIDESH,SIDESHOW,CONTINUING INVESTIGATION,
OP,LOP191201000475,SIDESHOW,,FIELD INITIATED BY D,2,12/1/19 14:26,12/1/19 14:26,12/1/19 14:26,SDESHO,SIDESHOW,SERGEANTS ADMINISTRATIVE,
OP,LOP191201000628,66TH AV&COLISEUM WY,31X,DEFAULT - PHONE INIT,2,12/1/19 17:46,12/1/19 17:47,,SDESHO,SIDESHOW,CALL HANDLED,
OP,LOP191201000645,35TH AV&FOOTHILL BLVD,23X,FIELD INITIATED BY D,2,12/1/19 18:08,12/1/19 18:08,12/1/19 18:08,SIDESH,SIDESHOW,CONTINUING INVESTIGATION,
OP,LOP191206001056,BURR ST&OLIVER AV,32Y,911 CALL,5,12/6/19 19:36,12/6/19 19:37,12/6/19 19:42,SIDESH,SIDESHOW,GONE ON ARRIVAL,
OP,LOP191207000801,SIDESHOW,,FIELD INITIATED BY D,5,12/7/19 17:39,12/7/19 17:39,12/7/19 17:39,SDESHO,SIDESHOW,CONTINUING INVESTIGATION,
OP,LOP191207000888,2651 73RD AV,30Y,FIELD INITIATED BY D,2,12/7/19 19:02,12/7/19 19:02,12/7/19 19:02,SDESHO,SIDESHOW,CALL HANDLED,
OP,LOP191207001103,FRONTAGE RD&W GRAND AV,05Y,FIELD INITIATED BY D,2,12/7/19 22:47,12/7/19 22:47,12/7/19 22:47,SDESHO,SIDESHOW,CALL HANDLED,
OP,LOP191208000038,SIDESHOW PT2,,FIELD INITIATED BY D,5,12/8/19 1:02,12/8/19 1:02,12/8/19 1:02,SIDESH,SIDESHOW,CONTINUING INVESTIGATION,
OP,LOP191208000136,E 16TH ST&SEMINARY AV,27Y,DEFAULT - PHONE INIT,5,12/8/19 2:55,12/8/19 2:56,12/8/19 2:58,SIDESH,SIDESHOW,COVER,
OP,LOP191208000806,7TH ST&MARITIME ST,02Y,FIELD INITIATED BY D,2,12/8/19 17:31,12/8/19 17:31,12/8/19 17:31,SDESHO,SIDESHOW,CONTINUING INVESTIGATION,
OP,LOP191208000915,105TH AV&PIPPIN ST,31Z,DEFAULT - PHONE INIT,1,12/8/19 19:45,12/8/19 19:46,12/8/19 19:49,SIDESH,SIDESHOW,COVER,
OP,LOP191208000958,3434 HIGH ST,28X,DEFAULT - PHONE INIT,2,12/8/19 20:36,,,SIDESH,SIDESHOW,GONE ON ARRIVAL,
OP,LOP191210001229,BURMA RD&MARITIME ST,05Y,DEFAULT - PHONE INIT,2,12/10/19 23:13,12/10/19 23:50,12/11/19 0:01,SIDESH,SIDESHOW,UNABLE TO LOCATE,
OP,LOP191211001185,E 25TH ST&HIGHLAND AV,18Y,DEFAULT - PHONE INIT,2,12/11/19 23:03,12/11/19 23:04,12/11/19 23:09,SIDESH,SIDESHOW,REPORT TAKEN-ASSIGNMENT REPORT,
OP,LOP191212001109,600 MC CLARY AV,31Y,DEFAULT - PHONE INIT,2,12/12/19 20:58,,,SDESHO,SIDESHOW,BROADCAST,
OP,LOP191213000656,KELLER AV&SKYLINE BLVD,35Y,911 CALL,2,12/13/19 13:48,,,SDESHO,SIDESHOW,CALL MANAGEMENT STRATEGY,
OP,LOP191215000063,FRONTAGE RD&W GRAND AV,05Y,FIELD INITIATED BY D,2,12/15/19 1:11,12/15/19 1:11,12/15/19 1:11,SIDESH,SIDESHOW,COVER,
OP,LOP191225000099,102ND AV&ROYAL ANN ST,32X,911 CALL,2,12/25/19 2:40,12/25/19 4:03,12/25/19 4:09,SIDESH,SIDESHOW,GONE ON ARRIVAL,
OP,LOP191227000984,1425 MARITIME ST,05Y,DEFAULT - PHONE INIT,2,12/27/19 22:20,12/27/19 22:21,12/27/19 22:38,SIDESH,SIDESHOW,FIELD CONTACT REPORT,
OP,LOP191228000080,7101 EDGEWATER DR,31X,DEFAULT - PHONE INIT,2,12/28/19 3:02,,,SDESHO,SIDESHOW,CALL HANDLED,
OP,LOP191228000453,600 HEGENBERGER RD,31Y,DEFAULT - PHONE INIT,2,12/28/19 13:19,,,SDESHO,SIDESHOW,BROADCAST,
OP,LOP191229000661,98TH AV&EMPIRE RD,31Y,911 CALL,1,12/29/19 17:34,12/29/19 17:34,12/29/19 17:43,SDESHO,SIDESHOW,REPORT TAKEN,
OP,LOP191229000685,106TH AV&FOOTHILL BLVD,32Y,FIELD INITIATED BY D,2,12/29/19 17:55,12/29/19 17:55,12/29/19 17:55,SIDESH,SIDESHOW,COVER,
OP,LOP191229000766,105TH AV&PIPPIN ST,31Z,911 CALL,1,12/29/19 19:34,12/29/19 19:34,12/29/19 19:44,SIDESH,SIDESHOW,COVER,
OP,LOP191229000791,55TH AV&FOOTHILL BLVD,29X,911 CALL,1,12/29/19 20:03,12/29/19 20:08,12/29/19 20:16,SDESHO,SIDESHOW,ADMINISTRATIVE,
OP,LOP191229000816,FRONTAGE RD&W GRAND AV,05Y,FIELD INITIATED BY D,2,12/29/19 20:35,12/29/19 20:35,12/29/19 20:35,SDESHO,SIDESHOW,CONTINUING INVESTIGATION,
OP,LOP191229000818,305 6TH AV,19X,FIELD INITIATED BY D,2,12/29/19 20:37,12/29/19 20:37,12/29/19 20:37,SDESHO,SIDESHOW,CONTINUING INVESTIGATION,
OP,LOP191229000820,BURMA RD&MARITIME ST,05Y,FIELD INITIATED BY D,2,12/29/19 20:39,12/29/19 20:39,12/29/19 20:39,SDESHO,SIDESHOW,CONTINUING INVESTIGATION,
OP,LOP191229000863,22ND AV&INTERNATIONAL BLVD,19X,DEFAULT - PHONE INIT,1,12/29/19 21:21,12/29/19 21:27,12/29/19 21:34,SDESHO,SIDESHOW,COVER,
OP,LOP191230000876,77TH AV&SPENCER ST,26Y,DEFAULT - PHONE INIT,2,12/30/19 18:16,12/30/19 18:36,12/30/19 18:38,SDESHO,SIDESHOW,REPORT TAKEN-ASSIGNMENT REPORT,